id,name,number,expiration,cvv,brand,balance
1,Aarika Loggie,5048379650666861,2024-07,114,mastercard,$90.53
2,Fields Cuddon,5048376377697690,2024-06,910,mastercard,$41.97
3,Sarine Hinkes,5048376524876494,2024-07,631,mastercard,$75.53
4,Madlen Besnard,5108753708512235,2025-10,285,mastercard,$47.31
5,Selle Farden,5108756588466323,2024-03,086,mastercard,$92.42
6,Clemmy Mecco,5048374750951859,2025-12,622,mastercard,$31.07
7,Remus Arran,5108752960208581,2024-01,848,mastercard,$49.37
8,Jesus Menichelli,5048375546058560,2026-09,972,mastercard,$26.75
9,Claudetta Keppel,5108755911750650,2023-07,622,mastercard,$74.62
10,Georgianne Pellatt,5048374832450573,2027-12,231,mastercard,$75.70
11,Keefe Kleinlerer,5108754351854890,2023-10,627,mastercard,$57.76
12,Ursola Grishakin,5108756575852402,2027-03,469,mastercard,$28.88
13,Ed Corrao,5108752054326091,2025-12,397,mastercard,$40.47
14,Mersey Hagwood,5048377131030129,2025-09,509,mastercard,$87.11
15,Zulema Eacle,5108754920510262,2025-04,613,mastercard,$15.77
16,Matthus Woodfine,5108755045944542,2025-02,416,mastercard,$75.62
17,Keene Djurevic,5108751619639030,2023-07,988,mastercard,$34.61
18,Anna-diana Halloway,5108755760522531,2025-07,656,mastercard,$31.98
19,Calla Drakes,5108757093851835,2024-02,052,mastercard,$23.53
20,Lynett Littrik,5108751735426742,2026-06,776,mastercard,$83.46
21,Charline Glowacz,5108751321301259,2023-08,984,mastercard,$63.42
22,Lona Floodgate,5108754386317855,2025-04,583,mastercard,$63.03
23,Lisetta Lorence,5048378768478409,2027-08,320,mastercard,$26.34
24,Alexandro Farley,5108752131271716,2026-11,146,mastercard,$13.41
25,Guglielma Grelik,5048375162192164,2027-10,721,mastercard,$54.47
26,Scottie Marfe,5048376578716968,2023-10,466,mastercard,$99.58
27,Ignace Cogman,5108750629002833,2025-05,758,mastercard,$38.47
28,Georgia Finey,5108755039648489,2024-12,286,mastercard,$58.24
29,Gail Delmonti,5048375569886277,2026-04,246,mastercard,$26.73
30,Addy Kovelmann,5108755413905802,2024-11,835,mastercard,$64.67
31,Milissent Spinks,5048374320941562,2024-10,681,mastercard,$62.66
32,Delilah Darwin,5048379605397497,2025-12,722,mastercard,$52.85
33,Ericha O'Hickee,5048379147984786,2027-10,255,mastercard,$70.98
34,Berty Tebb,5108757229076034,2025-10,752,mastercard,$22.43
35,Gregoire Congreave,5108751311566762,2026-07,150,mastercard,$32.81
36,Alleen Aikin,5048377267241854,2024-08,955,mastercard,$58.13
37,Aeriell Woodward,5048377049308583,2027-12,093,mastercard,$69.04
38,Elwood Nason,5108751197663402,2025-05,102,mastercard,$43.70
39,Charlena Farraway,5108759291839331,2024-02,635,mastercard,$75.94
40,Bourke Curror,5048376140185429,2026-09,827,mastercard,$83.87
41,Minne Bardill,5108754151913474,2024-03,985,mastercard,$79.04
42,Kylie McGarrity,5048379810788423,2024-11,030,mastercard,$63.43
43,Alberto Vanyukhin,5048375701937426,2025-04,260,mastercard,$22.62
44,Ansel Mackneis,5048374894293002,2027-08,821,mastercard,$47.82
45,Krystyna Rotte,5048371142938842,2026-06,084,mastercard,$72.42
46,Boris Wyldes,5048373223403100,2027-01,405,mastercard,$51.73
47,Sarita Haveline,5048372426987018,2024-09,425,mastercard,$51.86
48,Brinn Burfitt,5048370951371152,2025-01,884,mastercard,$80.48
49,Friederike Wadsworth,5048370511188047,2024-05,912,mastercard,$98.38
50,Ansel Summerlee,5048376486034132,2023-03,274,mastercard,$78.26
51,Charley Hobbing,5048378175393191,2025-03,059,mastercard,$90.37
52,Ody Clackson,5108750053743530,2023-02,412,mastercard,$67.49
53,Cristie Wellstood,5048371886098803,2027-11,361,mastercard,$54.91
54,Harrison Bock,5048376532341713,2024-01,382,mastercard,$92.51
55,Joaquin Spink,5108750375245339,2024-01,907,mastercard,$49.89
56,Kacy Kohring,5048378870074468,2026-07,129,mastercard,$93.47
57,Norrie Upston,5108755406205962,2026-07,181,mastercard,$53.36
58,Vanya Kohen,5048379329810387,2025-11,993,mastercard,$28.25
59,Valentino Ahren,5048379321253685,2024-11,793,mastercard,$73.59
60,Ogden Lorenzini,5048373607805946,2023-11,937,mastercard,$38.74
61,Ronnie Fresson,5048374821929348,2025-09,097,mastercard,$36.11
62,Web Newens,5048370997582093,2025-05,022,mastercard,$47.81
63,Salomo Bretherick,5108750634507545,2024-07,649,mastercard,$91.68
64,Warden Risom,5108751513557999,2026-03,539,mastercard,$22.92
65,Idalia Corbet,5048374926410830,2026-12,369,mastercard,$10.77
66,Algernon Pyvis,5108751452519745,2023-05,310,mastercard,$74.75
67,Ulrich McCaughey,5048371466042197,2026-01,774,mastercard,$56.92
68,Davita Freyne,5048375794024009,2027-10,783,mastercard,$14.35
69,Carole Phizackarley,5048377448693593,2024-01,524,mastercard,$42.20
70,Jan Selman,5108757579716072,2024-02,012,mastercard,$71.76
71,Ariel Millhouse,5108754553566912,2024-06,956,mastercard,$40.23
72,Kris Petto,5108751060557251,2025-10,427,mastercard,$45.59
73,Aurelea Laste,5108751678649540,2026-03,413,mastercard,$55.07
74,Armand Cordelet,5108750405351875,2024-11,066,mastercard,$13.17
75,Tanitansy Rollings,5108753218050833,2024-06,046,mastercard,$24.57
76,Marty Gloster,5048374072370424,2026-02,557,mastercard,$97.05
77,Burnard Stranks,5048375401978191,2025-08,666,mastercard,$85.91
78,Gloriane Van Halle,5048375614171501,2027-09,534,mastercard,$67.36
79,Caprice Laydon,5048374656221068,2023-04,211,mastercard,$34.82
80,Royall Pert,5048371845466885,2027-03,410,mastercard,$44.33
81,Deina Cluckie,5048370074349093,2023-06,979,mastercard,$68.41
82,Averil Butte,5048370037850799,2024-06,477,mastercard,$85.97
83,Novelia Horribine,5048376539495272,2023-08,104,mastercard,$47.27
84,Cathee Brislane,5108754161030376,2025-09,043,mastercard,$20.23
85,Bonni Josse,5048370313670606,2023-09,622,mastercard,$32.69
86,Rodney Gully,5048372235216328,2025-02,468,mastercard,$55.27
87,Nicola Hannaway,5108759700273833,2025-12,467,mastercard,$74.01
88,Randolf Tregaskis,5108754337149100,2025-04,232,mastercard,$91.74
89,Quentin Luce,5048375260125454,2027-03,484,mastercard,$11.47
90,Gardie Gallop,5108757207309886,2026-10,363,mastercard,$64.09
91,Nikoletta McCusker,5048371566294045,2024-06,396,mastercard,$94.85
92,Kizzee Smorfit,5048379297013667,2026-07,918,mastercard,$37.06
93,Olvan Jecks,5108756059617941,2025-04,289,mastercard,$55.26
94,Ferrell Jurgensen,5108759410375225,2023-12,572,mastercard,$48.10
95,Sergei McGoldrick,5108758098974689,2024-06,111,mastercard,$63.02
96,Arnie Birchner,5108754202880086,2024-09,570,mastercard,$46.29
97,Ed Stickins,5108758193879056,2026-04,471,mastercard,$46.53
98,Waverley Vasyatkin,5048373870561747,2027-03,815,mastercard,$60.69
99,Kathlin Lau,5048375260673131,2027-02,666,mastercard,$29.27
100,Paloma D'Antuoni,5048377487660594,2026-04,246,mastercard,$71.47
101,Annaliese Axton,5108752480469358,2024-05,789,mastercard,$62.64
102,Ronni Solano,5108752135987408,2023-06,581,mastercard,$41.51
103,Nadia Pawelec,5048377091036413,2027-11,132,mastercard,$11.65
104,Dino Agett,5048378190127327,2025-12,935,mastercard,$72.82
105,Dawna Coulton,5048374793972821,2025-05,969,mastercard,$33.78
106,Mirabella Le Prevost,5108750291099778,2025-07,297,mastercard,$62.81
107,Jammal Eddie,5108750712191816,2026-12,684,mastercard,$63.43
108,Cthrine Maltby,5108755576362429,2027-03,778,mastercard,$61.70
109,Gay Colquete,5108756897134547,2025-10,564,mastercard,$57.59
110,Veradis Hyslop,5048377644415189,2027-05,378,mastercard,$95.70
111,Reina Baverstock,5048374346784947,2027-06,211,mastercard,$61.28
112,Neila McIndrew,5048370151690690,2026-09,059,mastercard,$86.57
113,Hyman Janikowski,5048371043171279,2025-02,640,mastercard,$11.06
114,Rebekkah Murrison,5048377082557195,2025-09,123,mastercard,$79.68
115,Osbourn Kemmey,5108758537750294,2024-09,469,mastercard,$70.23
116,Gorden Couthard,5108752508133366,2025-04,613,mastercard,$47.36
117,Kellen Spillman,5048374553344799,2027-01,697,mastercard,$39.03
118,Ermina Knowlton,5048377117873856,2026-05,795,mastercard,$12.37
119,Reba Drust,5048373026942049,2024-06,903,mastercard,$73.67
120,Leoline Rowlinson,5108758216819261,2025-09,452,mastercard,$26.81
121,Rob Kondratyuk,5108753552147195,2024-05,761,mastercard,$42.70
122,Antons Maggorini,5108756852051975,2027-11,248,mastercard,$13.80
123,Pauline Roskam,5108756577267989,2027-05,256,mastercard,$60.94
124,Kata Okeshott,5048379936621730,2025-01,793,mastercard,$45.12
125,Cristionna Zanetti,5048378029933895,2024-05,948,mastercard,$63.52
126,Merrill Vogelein,5108754304950100,2027-04,963,mastercard,$73.53
127,Frederich Stoltz,5108753342997453,2025-09,372,mastercard,$67.75
128,Steve Parke,5108751693887224,2026-08,865,mastercard,$24.78
129,Karyl Whetnell,5048379640464872,2024-03,657,mastercard,$17.12
130,Filip McNeachtain,5048371739304861,2024-05,834,mastercard,$32.93
131,Isidoro Poinsett,5048373047232354,2025-06,416,mastercard,$62.43
132,Alis Heal,5108753831439256,2023-12,571,mastercard,$18.25
133,Laurens Curgenven,5108754178122729,2024-09,714,mastercard,$11.65
134,Lanie Swatradge,5108755496038505,2023-12,671,mastercard,$20.54
135,Daffy Vowden,5108751232761161,2025-12,017,mastercard,$37.68
136,Stewart Wykes,5048378909568936,2026-12,954,mastercard,$85.22
137,Melonie Coltan,5108750298162827,2027-09,557,mastercard,$18.29
138,Alix McAdam,5108751097126872,2023-04,103,mastercard,$19.63
139,Truman Gennerich,5048379590514700,2027-03,045,mastercard,$43.22
140,Oliver Petroulis,5108750726369150,2025-02,545,mastercard,$32.36
141,Tedmund O'Dunniom,5108757456211551,2025-06,129,mastercard,$15.14
142,Markus Hinzer,5108752335066631,2025-02,691,mastercard,$71.47
143,Mindy Northeast,5108753016481891,2025-07,001,mastercard,$54.89
144,Ros Elgee,5048373394411130,2025-11,440,mastercard,$17.58
145,Piper Yannikov,5048372953078082,2025-10,370,mastercard,$67.89
146,Joela Cartman,5108758999887683,2026-10,159,mastercard,$86.09
147,Tildi Axcel,5108756303831587,2026-10,916,mastercard,$66.57
148,Rory Kimbrey,5108756711771201,2023-01,021,mastercard,$38.93
149,Martita Coning,5108755272132779,2024-09,030,mastercard,$67.89
150,Tomasina Hateley,5108750566941993,2027-08,131,mastercard,$22.92
151,Selle Drennan,5048372998689232,2023-11,826,mastercard,$28.79
152,Elyssa Kibbe,5108754783714282,2024-05,900,mastercard,$48.75
153,Grethel Benck,5048378040789334,2023-03,064,mastercard,$49.66
154,Noble Curuclis,5048377497292826,2024-10,119,mastercard,$38.90
155,Zulema Baughan,5048370829371574,2023-05,622,mastercard,$24.03
156,Carlo Allcock,5108753595997242,2026-11,043,mastercard,$41.78
157,Rollin Petrashkov,5048370899242309,2024-05,318,mastercard,$62.45
158,Heida Sleith,5048374147421251,2027-07,324,mastercard,$94.61
159,Jere Sancto,5048375084371706,2024-11,207,mastercard,$86.28
160,Glynis Drayton,5108751504735919,2023-11,526,mastercard,$67.11
161,Midge Vigours,5048370707776050,2023-12,638,mastercard,$43.83
162,Scarlett Tall,5108754218062745,2026-01,280,mastercard,$36.41
163,Vinny De Lascy,5048375677847047,2024-10,144,mastercard,$80.49
164,Gawen Rafferty,5048370384586509,2024-11,124,mastercard,$83.20
165,Fonsie Trundell,5048370518304233,2023-02,284,mastercard,$57.75
166,Mignon Miettinen,5108750191712041,2025-10,868,mastercard,$69.83
167,Merrill Di Biaggi,5048373725180669,2027-11,502,mastercard,$58.47
168,Emlynne Geyton,5108754816420568,2024-01,474,mastercard,$82.70
169,Filippa Thayre,5048378520501985,2025-11,151,mastercard,$65.23
170,Vasili Pellew,5048371466617576,2025-10,745,mastercard,$44.56
171,Elly Grice,5108753348117171,2025-07,749,mastercard,$84.86
172,Scottie Binney,5048370144757663,2024-09,901,mastercard,$26.44
173,Cacilia Pic,5108750516713096,2026-04,160,mastercard,$80.41
174,Aidan Salle,5048372961492242,2024-01,739,mastercard,$89.81
175,Michel Growcott,5048379929321157,2027-12,166,mastercard,$38.00
176,Klaus Sambals,5048379777561623,2023-04,120,mastercard,$43.78
177,Shayna Grutchfield,5108755176216660,2026-06,560,mastercard,$97.27
178,Connie Peskett,5048372695050555,2024-08,694,mastercard,$18.44
179,Florencia Tilmouth,5048378748544650,2026-12,942,mastercard,$48.92
180,Lowe MacDiarmid,5108759269897345,2026-12,142,mastercard,$54.74
181,Antons Gianullo,5048373688706567,2026-12,943,mastercard,$72.29
182,Winnah Whitfield,5048378663777475,2026-01,231,mastercard,$36.43
183,Mellicent Dukelow,5048377640064502,2027-04,367,mastercard,$20.28
184,Norrie Copozio,5108755069654985,2024-09,240,mastercard,$18.07
185,Prissie Pike,5048378166366412,2027-09,290,mastercard,$27.21
186,Garey Cordero,5108750222396137,2024-10,012,mastercard,$78.06
187,Alec Hulburt,5048375396970765,2026-11,687,mastercard,$15.40
188,Felike Cambridge,5048371786462331,2025-07,046,mastercard,$55.43
189,Rasla Tarrant,5048374345158044,2026-01,071,mastercard,$30.70
190,Tally Helling,5108759282397141,2026-12,013,mastercard,$80.05
191,Merry Forcer,5048379939493186,2027-06,430,mastercard,$77.86
192,Christian Robbey,5048377577364917,2027-12,475,mastercard,$70.10
193,Karylin Leall,5108750654469360,2027-12,496,mastercard,$11.57
194,Michelina Moysey,5048371871271290,2024-10,185,mastercard,$74.17
195,Minnie Kibbye,5108758762450354,2023-12,010,mastercard,$82.05
196,Liza Roussell,5108756702530236,2027-07,148,mastercard,$33.28
197,Karie Winchcum,5108759390099472,2026-08,231,mastercard,$74.06
198,Henri Botly,5048372828512026,2025-02,707,mastercard,$44.65
199,Glenine Stendell,5048379226067404,2026-06,732,mastercard,$51.85
200,Gusta Greenset,5048379877096272,2027-03,816,mastercard,$82.75
201,Petra Humbles,5048377793843215,2027-06,915,mastercard,$84.44
202,Jayne Tift,5048374594639033,2024-07,380,mastercard,$62.02
203,Lou Cottis,5108757538065629,2026-06,787,mastercard,$75.91
204,Shirline Lockhead,5048374333402842,2023-01,333,mastercard,$51.31
205,Nikola Highnam,5108754021219458,2026-11,454,mastercard,$31.47
206,Charisse Liddell,5048371778153419,2026-11,013,mastercard,$48.23
207,Mathian Sharpless,5048372690739509,2024-12,109,mastercard,$78.14
208,Ranee D'eathe,5048379540621951,2023-11,850,mastercard,$14.23
209,Ilyse McGinnell,5048378892188429,2027-08,734,mastercard,$96.09
210,Eloisa Cushworth,5048379546536708,2024-01,214,mastercard,$92.81
211,Ysabel Btham,5048371775701160,2026-04,150,mastercard,$60.56
212,Leigh Snalum,5108755436460223,2026-11,845,mastercard,$36.60
213,Laure Ackred,5108752289401206,2026-02,203,mastercard,$67.38
214,Theodor Halladey,5048376398243649,2026-07,700,mastercard,$53.88
215,Corette Lovstrom,5048378187251718,2027-06,576,mastercard,$35.62
216,Phillis Carcas,5108757193388944,2026-03,286,mastercard,$49.41
217,Carlotta Patley,5048375518476758,2023-10,271,mastercard,$34.16
218,Ly Radenhurst,5108755718387540,2027-12,845,mastercard,$12.40
219,Grissel Sloegrave,5048377610308640,2025-11,099,mastercard,$11.42
220,Cleo Shepcutt,5108758322552756,2026-01,000,mastercard,$63.30
221,Raoul McGinnell,5048370876734831,2025-04,871,mastercard,$77.64
222,Del Brister,5048372039806027,2026-01,673,mastercard,$54.34
223,Phineas Passman,5108755677576240,2026-08,365,mastercard,$96.57
224,Elsinore Forbear,5108759339713571,2025-01,340,mastercard,$47.19
225,Bliss Bissett,5108755851465111,2025-08,878,mastercard,$36.54
226,Bethany Bertl,5108758268785493,2026-01,522,mastercard,$71.05
227,Arney McCrum,5108753424205593,2024-10,543,mastercard,$58.08
228,Ruby Prozescky,5048371881211815,2024-09,857,mastercard,$99.61
229,Celestia Earngy,5048375955193486,2023-12,599,mastercard,$95.10
230,Norbie Bottomer,5108757671304256,2025-01,450,mastercard,$61.78
231,Donni Tansill,5048370629080219,2027-05,153,mastercard,$73.59
232,Mikkel Staniford,5048374322195563,2023-12,426,mastercard,$98.11
233,Cecily Romanski,5108751763839097,2027-01,469,mastercard,$52.84
234,Felic Petrussi,5048379315616954,2025-09,424,mastercard,$91.18
235,Ellynn Kington,5048373682590298,2023-06,757,mastercard,$45.49
236,Edgardo Reiners,5108755022940877,2027-07,998,mastercard,$33.04
237,Beulah Firby,5048377784747326,2024-11,592,mastercard,$96.54
238,Teresina Roomes,5108750656147154,2023-04,996,mastercard,$19.98
239,Sarita Culmer,5048371832162083,2027-07,489,mastercard,$68.56
240,Ruthann Coxen,5048379491289378,2023-04,764,mastercard,$35.28
241,Cleve Goodson,5048378557922302,2024-03,326,mastercard,$90.52
242,Randal Wasbrough,5108757045570962,2027-12,061,mastercard,$43.33
243,Milton Rosencrantz,5048375440194867,2026-04,179,mastercard,$77.19
244,Sheffield Figgen,5108758959661409,2026-12,280,mastercard,$11.58
245,Emanuel Gunthorp,5108752648514954,2025-02,124,mastercard,$36.85
246,Jennine Borgne,5108752542217415,2024-01,712,mastercard,$21.31
247,Ianthe Baraja,5048375501135528,2024-02,641,mastercard,$93.86
248,Karlyn Shirland,5048371521190304,2023-04,531,mastercard,$81.75
249,Judye Crepel,5048379309175058,2027-11,320,mastercard,$86.41
250,Gabie Alexandrescu,5108754334130855,2025-08,253,mastercard,$42.91
251,Waverly Puttan,5048374686130602,2023-07,110,mastercard,$87.26
252,Reagen Paffot,5048372998352039,2023-09,001,mastercard,$50.00
253,Greta Fronsek,5108751937324406,2027-08,063,mastercard,$50.41
254,Giles Bartoloma,5048371887008421,2024-04,968,mastercard,$93.95
255,Shaylynn Stoddard,5108754568528592,2026-10,087,mastercard,$54.85
256,Philly Wildin,5108753525361931,2027-04,717,mastercard,$83.19
257,Rosanne Ladell,5108757218291768,2024-09,233,mastercard,$40.48
258,Tess Brevetor,5048370277116299,2026-01,115,mastercard,$65.37
259,Rhodia Blackster,5048371016862870,2024-08,181,mastercard,$52.86
260,Thedric Feak,5048373339478723,2025-09,291,mastercard,$18.51
261,Malcolm Basire,5108752804446082,2027-05,432,mastercard,$34.57
262,Merralee Hulkes,5108753888286352,2024-12,664,mastercard,$67.48
263,Micheline Rastall,5108759548158402,2026-03,106,mastercard,$98.00
264,Inez Chifney,5048373317035594,2023-08,101,mastercard,$38.12
265,Robbert Izatt,5108752014414474,2024-11,227,mastercard,$59.63
266,Melanie Lanon,5108755374390747,2024-12,488,mastercard,$12.24
267,Erena Tondeur,5048377938770596,2023-09,000,mastercard,$32.18
268,Francklin Oldridge,5048370302514575,2024-06,516,mastercard,$63.52
269,Devlin Leese,5108750077931590,2025-04,570,mastercard,$42.48
270,Knox Gwilliams,5048372554439329,2026-01,621,mastercard,$83.01
271,Salem Whereat,5048371847823950,2024-07,130,mastercard,$57.35
272,Ephraim Maddrah,5108755143611274,2026-01,737,mastercard,$41.16
273,Inge Humbert,5108754277713279,2023-10,136,mastercard,$71.10
274,Valina Dendon,5048377498684021,2027-11,668,mastercard,$73.29
275,Clarance Tubbles,5108752272799558,2024-09,668,mastercard,$87.94
276,Gaby O'Hingerty,5048374723075539,2024-08,551,mastercard,$23.91
277,Jerry Fashion,5048375848348362,2024-10,102,mastercard,$53.45
278,Suzy St. Paul,5108756266599445,2026-08,926,mastercard,$23.42
279,Thurstan Berkelay,5048376158774965,2027-12,746,mastercard,$52.00
280,Kippy Bolam,5108754906593795,2024-05,381,mastercard,$15.69
281,Caritta Nutt,5048379649930154,2027-03,139,mastercard,$79.09
282,Raychel Ivashin,5048377442695222,2026-09,294,mastercard,$99.46
283,Salaidh Bosse,5108757073168754,2026-12,201,mastercard,$69.17
284,Ringo D'eathe,5048375562422633,2027-05,673,mastercard,$61.00
285,Davey Riddiough,5108759278296596,2025-06,049,mastercard,$88.76
286,Carlee Romagosa,5108755419630941,2025-08,408,mastercard,$71.57
287,Amy Brinsford,5048370545144024,2023-10,648,mastercard,$87.92
288,Celia Buddington,5048374064701560,2026-09,080,mastercard,$31.27
289,Beckie Crampton,5048379283464551,2023-09,057,mastercard,$82.60
290,Catriona Schulz,5048371229488547,2025-07,519,mastercard,$30.69
291,Virginia Safont,5108759841813745,2026-12,959,mastercard,$33.14
292,Clive Mitchinson,5108752976229043,2026-05,778,mastercard,$61.18
293,Abel Silbert,5108757849404921,2026-06,465,mastercard,$72.97
294,Zaneta Doche,5108758366843376,2024-08,723,mastercard,$88.32
295,Darell Conws,5108751510296153,2027-04,463,mastercard,$71.96
296,Hercule Bartomeu,5048379846577444,2027-05,954,mastercard,$30.96
297,Adan Scurrell,5108758907143096,2023-01,265,mastercard,$67.60
298,Aguste Trymme,5048375603982090,2023-01,900,mastercard,$38.53
299,Ganny Ellacombe,5048373308775075,2025-10,133,mastercard,$49.80
300,Issiah Redwall,5108750862493285,2023-01,618,mastercard,$20.06
301,Margo Bowlands,5108753234039687,2026-06,969,mastercard,$95.18
302,Candie Piolli,5108755665290499,2025-05,883,mastercard,$24.66
303,Bran Kewley,5108756372648235,2023-06,587,mastercard,$91.46
304,Marshal Etchells,5108754264912975,2023-06,813,mastercard,$74.20
305,Alyda Berecloth,5108753040628145,2025-01,967,mastercard,$12.06
306,Luce Sabbins,5108750249461302,2025-08,120,mastercard,$36.42
307,Orin Clutheram,5108750674729520,2024-10,265,mastercard,$73.13
308,Shaw Hawley,5048378378902921,2027-07,729,mastercard,$68.90
309,Twila Knight,5108759642504170,2026-11,852,mastercard,$50.27
310,Nissie Elmhurst,5048371776864348,2024-10,936,mastercard,$14.15
311,Tiena Rouby,5048379206565443,2023-02,253,mastercard,$94.24
312,Franz Bubbings,5048370812929404,2024-10,755,mastercard,$59.42
313,Minta Klezmski,5048372467540338,2027-07,113,mastercard,$31.95
314,Odille Augie,5108757814913930,2026-03,808,mastercard,$80.94
315,Salvatore McRuvie,5108759106178545,2024-03,713,mastercard,$52.56
316,Garth Ciabatteri,5048379636996168,2023-03,302,mastercard,$50.50
317,Beatriz Garthside,5108750838941037,2023-05,020,mastercard,$50.23
318,Alverta Bruff,5048371587416940,2024-07,127,mastercard,$69.72
319,Lazarus Codi,5048372767624915,2025-10,004,mastercard,$33.19
320,Carmina Jurgenson,5048377472324636,2026-12,461,mastercard,$51.99
321,Aldwin Lecky,5108754752135980,2027-02,725,mastercard,$16.79
322,Dareen Louder,5108754404497333,2026-03,201,mastercard,$76.03
323,Blanch Waumsley,5048374783030994,2026-08,131,mastercard,$60.52
324,Virgilio Speake,5048375952195617,2026-06,029,mastercard,$78.56
325,Ferguson Fennelly,5108754985914391,2023-02,011,mastercard,$90.62
326,Gare Sewley,5048375512270132,2027-01,844,mastercard,$81.29
327,Kevyn Sibylla,5108754490843580,2024-02,340,mastercard,$84.20
328,Inge Eite,5048377516722332,2027-03,219,mastercard,$33.26
329,Gaylor Born,5108750759274459,2027-08,847,mastercard,$44.35
330,Doralynne Dukes,5048376126771176,2026-05,681,mastercard,$24.57
331,Aggie Beer,5048371987154240,2027-12,707,mastercard,$82.35
332,Bea Ferrettino,5048376310764581,2027-10,003,mastercard,$63.39
333,Odille Bedo,5048379590487865,2025-02,791,mastercard,$39.52
334,Alexandr Garfath,5108752984228987,2027-04,037,mastercard,$64.02
335,Henka Bannon,5108758063021508,2024-05,834,mastercard,$95.85
336,Dasi Girvan,5048378651576079,2027-04,239,mastercard,$50.60
337,Cecil Benson,5048373039886506,2025-10,886,mastercard,$76.60
338,Joby Gresley,5108753009743414,2025-02,751,mastercard,$51.11
339,Leonard Maus,5048370005232764,2024-06,743,mastercard,$36.04
340,Vinni Smurfit,5108757103469701,2024-02,158,mastercard,$96.87
341,Chancey Le Cornu,5108759750268907,2025-06,701,mastercard,$31.28
342,Gibby Clappson,5048379412440589,2027-12,487,mastercard,$50.49
343,Antons Plowes,5048372415825609,2024-08,301,mastercard,$98.16
344,Gradeigh Redwing,5048370565606597,2023-05,460,mastercard,$60.29
345,Aguistin Fairlam,5108753904129214,2023-05,148,mastercard,$75.74
346,Anton Ivasyushkin,5048378118363145,2027-10,367,mastercard,$57.01
347,Stephenie Inchan,5048375163950099,2024-10,433,mastercard,$66.83
348,Mable Schirok,5048371830243083,2026-06,970,mastercard,$38.11
349,Lars Longman,5048375396333618,2023-12,890,mastercard,$28.82
350,Ase Liffe,5048372177817414,2026-11,127,mastercard,$15.61
351,Lissi Langlois,5048375323561539,2023-05,745,mastercard,$34.08
352,Micaela Grayer,5108756945389028,2024-05,613,mastercard,$82.93
353,Fleur Bolsover,5108751272214782,2024-02,460,mastercard,$34.29
354,Ingeborg Smellie,5108750174858662,2025-09,462,mastercard,$65.24
355,Benjy McIllrick,5108759797395200,2023-11,213,mastercard,$91.10
356,Staford Cushelly,5048375840331739,2023-05,954,mastercard,$57.19
357,D'arcy Nalder,5108755633764310,2023-07,406,mastercard,$74.03
358,Rollin Marzelli,5108759176967298,2027-04,913,mastercard,$91.09
359,Emilie Gerriessen,5048371456408721,2026-06,737,mastercard,$60.84
360,Matthus Woodington,5048374425476449,2027-12,349,mastercard,$65.55
361,Aurlie McPhilemy,5048371095573802,2026-12,350,mastercard,$18.67
362,Joletta Osbidston,5048376882050278,2025-08,960,mastercard,$13.12
363,Deborah Cullimore,5108753799095025,2025-04,760,mastercard,$14.78
364,Gnni Ralfe,5048372632613044,2026-08,277,mastercard,$59.70
365,Manfred Lineker,5108759581695336,2026-09,261,mastercard,$62.82
366,Warner Forsdike,5048372622376966,2027-01,739,mastercard,$44.13
367,Anthe Scotchbrook,5108756799251381,2026-09,255,mastercard,$56.53
368,Ashlie Lorne,5048370698795184,2027-08,391,mastercard,$45.69
369,Tandie Jory,5108758346325155,2024-05,811,mastercard,$73.11
370,Ingeberg Coulthard,5108757310690099,2023-11,143,mastercard,$26.60
371,Raven Bolte,5048376802925922,2026-01,822,mastercard,$76.75
372,Worthy Fowlston,5048375886318749,2024-10,265,mastercard,$43.11
373,Aube Molan,5048375966355272,2027-01,154,mastercard,$36.82
374,Jock Vasin,5108751602959403,2027-02,681,mastercard,$17.74
375,Sammie Vautin,5108756792656743,2026-11,061,mastercard,$14.24
376,Mona Gookey,5108754041487846,2024-06,750,mastercard,$45.29
377,Vassily Burkwood,5048379100866558,2023-01,017,mastercard,$32.26
378,Aundrea Micah,5048373303959369,2026-08,562,mastercard,$36.52
379,Fabio Grandisson,5108750332719236,2026-09,848,mastercard,$29.05
380,Archibald Jennery,5108759045671378,2026-11,086,mastercard,$35.93
381,Luis Prew,5048379449175174,2024-10,227,mastercard,$82.99
382,Saxon Boate,5108752415630256,2027-03,595,mastercard,$18.22
383,Danila MacGiolla Pheadair,5048371493138414,2027-07,977,mastercard,$15.37
384,Irina Knatt,5108752708588203,2025-12,789,mastercard,$42.21
385,Carolee Mechi,5108750054226675,2027-07,335,mastercard,$94.94
386,Charley Saunder,5048374065969307,2025-09,433,mastercard,$51.02
387,Kent Coolbear,5108752323996468,2026-05,873,mastercard,$53.52
388,Laurence Brobak,5048372838402663,2023-12,111,mastercard,$67.88
389,Maddalena Giorgiutti,5108755453957820,2027-09,112,mastercard,$80.27
390,Melisent Haggarth,5048373328031657,2023-07,968,mastercard,$85.54
391,Cyril Vanichkin,5108757420563426,2025-08,892,mastercard,$64.41
392,Nels Veregan,5108759764327012,2026-01,620,mastercard,$30.60
393,Jeddy von Nassau,5108757772743147,2026-12,277,mastercard,$80.83
394,Giustino Keeney,5108755188292519,2025-04,830,mastercard,$60.32
395,Carlota Haller,5048370288305568,2027-03,019,mastercard,$59.44
396,Daryl Kurten,5108756371179232,2023-07,767,mastercard,$45.92
397,Vasilis Gloucester,5108750564998953,2024-11,685,mastercard,$59.96
398,Hodge Tournie,5048371875582429,2023-09,310,mastercard,$30.76
399,Gerti Le Breton De La Vieuville,5048374165880636,2025-12,154,mastercard,$14.11
400,Sigismund Llop,5048378435615946,2026-09,148,mastercard,$80.94
401,Giselbert Howland,5048375550606445,2024-05,544,mastercard,$60.22
402,Gaynor De Bernardis,5108758491055656,2023-03,871,mastercard,$94.58
403,Horatia Goodlake,5108752647249545,2023-04,248,mastercard,$97.07
404,Shep Kinnach,5108753201747635,2026-07,733,mastercard,$78.53
405,Ermengarde Truran,5108758905135631,2027-08,915,mastercard,$31.42
406,Shena Standen,5048373028717522,2026-02,650,mastercard,$32.94
407,Gibbie Gruszecki,5108758485066289,2025-12,498,mastercard,$20.43
408,Briny Parton,5108753151138751,2024-06,280,mastercard,$59.56
409,Carlita Cremer,5108759849588109,2027-02,317,mastercard,$44.90
410,Casi Shard,5108756873766411,2024-05,879,mastercard,$29.63
411,Malcolm O'Sheerin,5108758452840740,2024-04,797,mastercard,$89.59
412,Nara Alejandre,5048379279543657,2024-05,761,mastercard,$83.70
413,Jerrome Barks,5108755050999274,2024-04,028,mastercard,$67.89
414,Ginelle Tomini,5108758173604649,2023-09,987,mastercard,$53.34
415,Janet Lansley,5048372608397200,2025-05,225,mastercard,$20.16
416,Gar Annatt,5108757257456942,2026-03,201,mastercard,$82.87
417,Rora Karpfen,5048371392505184,2027-02,624,mastercard,$22.86
418,Heloise Peidro,5048372764917346,2026-09,378,mastercard,$93.83
419,Gunter Goodrick,5108759932803308,2025-09,253,mastercard,$35.63
420,Amalia Bicknell,5108757917947157,2027-07,365,mastercard,$38.68
421,Myles Klemps,5048370888094497,2025-06,085,mastercard,$36.53
422,Andras Trace,5048371859175737,2026-10,214,mastercard,$59.30
423,Devin Norbury,5108752987320609,2026-03,902,mastercard,$12.50
424,Hilliard Ough,5108752233613864,2024-03,267,mastercard,$95.81
425,Kevin Fratczak,5108756117801537,2026-06,472,mastercard,$67.49
426,Corene Buntine,5048371201007646,2025-04,428,mastercard,$51.87
427,Hamilton Dilrew,5048375897931217,2026-01,726,mastercard,$61.64
428,Cherianne Link,5108756671105150,2026-10,445,mastercard,$48.63
429,Arie Curston,5048370906745674,2025-12,898,mastercard,$49.99
430,Sergei Cattach,5048371277580534,2027-10,768,mastercard,$42.18
431,Elyn Paulley,5048371407926169,2023-03,777,mastercard,$10.64
432,Pauline Dombrell,5108756559278152,2023-03,910,mastercard,$42.61
433,Jo-ann Scamp,5048378551010815,2023-07,415,mastercard,$74.47
434,Sutton Bosket,5048379012945847,2025-09,428,mastercard,$32.59
435,Michelle Allot,5048372343579161,2024-12,170,mastercard,$71.12
436,Sorcha Kosel,5108751945479986,2027-06,844,mastercard,$89.58
437,Shelia Cartmill,5048377079428608,2025-10,073,mastercard,$74.84
438,Tally Gammons,5048378436179694,2027-08,393,mastercard,$43.99
439,Giustino Kirman,5108752859848281,2026-11,644,mastercard,$84.75
440,Carrie Sokale,5108758694674410,2026-08,800,mastercard,$73.36
441,Tracie Mico,5048373426146407,2026-08,654,mastercard,$40.87
442,Woody O' Brian,5048370466914041,2023-04,265,mastercard,$85.34
443,Dorree Gregine,5108753263858064,2023-05,230,mastercard,$75.39
444,Cirstoforo Nend,5048376923587783,2024-10,760,mastercard,$48.85
445,Barbra Gibb,5048378951777724,2026-06,868,mastercard,$74.19
446,Roma Giorgini,5108755528122954,2026-12,830,mastercard,$25.70
447,Loella Raulston,5048371892901008,2027-06,349,mastercard,$45.22
448,Britta Castelot,5048371029886882,2026-07,386,mastercard,$81.70
449,Reinwald Berks,5108758061194620,2023-02,880,mastercard,$13.00
450,Merrel Allsebrook,5048378160720838,2024-12,520,mastercard,$13.67
451,Esme Algate,5048373014725158,2023-06,644,mastercard,$58.60
452,Cindelyn Corrie,5108751460936527,2023-02,571,mastercard,$69.57
453,Meyer Decker,5108759280431587,2025-12,972,mastercard,$75.14
454,Ada Seiler,5048372024403947,2024-07,923,mastercard,$46.10
455,Maryann Blything,5108755615509063,2023-03,109,mastercard,$89.74
456,Oswell Axel,5108758882197596,2025-07,096,mastercard,$82.66
457,Betteanne Filipyev,5048373339027553,2023-07,176,mastercard,$75.76
458,Inesita Insull,5108750963562285,2026-11,545,mastercard,$97.69
459,Hollis Adamo,5048371753267820,2023-05,326,mastercard,$88.30
460,Burke Rout,5108750326077955,2023-12,369,mastercard,$64.34
461,Gladys Cutcliffe,5048375567930564,2027-09,059,mastercard,$86.35
462,Sky Muffen,5048376015863183,2024-10,155,mastercard,$49.12
463,Dre Brunt,5048378419862670,2023-04,694,mastercard,$85.31
464,Rosemary Quinion,5108756755540991,2026-05,165,mastercard,$70.48
465,Pamella Vegas,5108754021180312,2026-07,149,mastercard,$21.06
466,Claudetta Gerrets,5048377807989905,2023-05,965,mastercard,$13.34
467,Cris Nield,5048374876065972,2027-05,302,mastercard,$36.08
468,Tulley Anespie,5108752198833424,2027-09,542,mastercard,$85.33
469,Padraig Sketh,5108754771566629,2023-08,535,mastercard,$88.21
470,Godfrey Georghiou,5048375279491202,2027-03,280,mastercard,$35.92
471,Hardy Brotherhead,5108750139029748,2026-12,343,mastercard,$65.16
472,Wildon Forshaw,5108759055940994,2024-11,644,mastercard,$28.65
473,Laughton Assender,5048372740756032,2026-02,230,mastercard,$32.57
474,Ody Mongin,5048372746510516,2024-06,949,mastercard,$59.00
475,Emmanuel Ferroli,5108752735070993,2027-05,958,mastercard,$78.65
476,Hedda Dumphreys,5108753207695861,2026-01,685,mastercard,$69.12
477,Ofilia Sowter,5108753784593810,2024-12,108,mastercard,$89.45
478,Monah Halfhead,5048373963429810,2025-02,101,mastercard,$80.75
479,Myrvyn Heaps,5048370066707357,2024-10,176,mastercard,$48.96
480,Granville Isard,5048374518292000,2023-12,051,mastercard,$63.07
481,Druci Gallamore,5048373571812530,2027-05,067,mastercard,$82.33
482,Leona Banner,5048370897615209,2023-11,565,mastercard,$81.75
483,Dee Lanfer,5108758247269106,2027-07,081,mastercard,$35.14
484,Ogden Audley,5108755098411779,2026-03,305,mastercard,$64.26
485,Alison Top,5048371376484729,2026-06,633,mastercard,$89.99
486,Kippie Grzesiak,5108759798615663,2027-11,266,mastercard,$96.40
487,Tiler Dilleway,5048373598876161,2023-10,859,mastercard,$31.64
488,Linzy Snow,5108753070559335,2024-10,116,mastercard,$43.09
489,Gussie Trickett,5108756700430769,2024-11,580,mastercard,$45.80
490,Sela Hambling,5048375524715785,2026-03,653,mastercard,$66.78
491,Emalia Putten,5108759809569412,2026-07,595,mastercard,$66.24
492,Dorice Batie,5108754694132459,2027-03,972,mastercard,$27.84
493,Dunstan Gosney,5108756033773174,2024-02,354,mastercard,$40.51
494,Izzy Eaglen,5108755007110173,2026-05,636,mastercard,$73.01
495,Rorie McFetrich,5048375837549418,2027-07,598,mastercard,$19.31
496,Fina Pestor,5108751481764742,2025-11,883,mastercard,$40.08
497,Bondon Spaldin,5108754177266352,2027-09,423,mastercard,$63.29
498,Corrinne Yielding,5108754509714640,2024-12,201,mastercard,$46.90
499,Phineas Collister,5108758718198669,2026-04,464,mastercard,$19.83
500,Davy Castanone,5108758367311217,2024-03,637,mastercard,$97.84
501,Madge Collyear,5048377648624950,2025-08,940,mastercard,$99.82
502,Viki Mellenby,5108750905026803,2024-10,191,mastercard,$44.97
503,Babb Birkbeck,5048374809339338,2023-02,770,mastercard,$49.80
504,Dell Mixer,5108754796262378,2027-02,170,mastercard,$14.73
505,Walton Schuelcke,5048372558423824,2024-09,138,mastercard,$45.14
506,Andriette Greenroad,5108752531894893,2023-01,811,mastercard,$52.12
507,Conway Hunt,5108755936316834,2027-04,604,mastercard,$36.60
508,Mollee Malinson,5108750777526484,2027-11,169,mastercard,$16.53
509,Micki Cranney,5108754389717796,2025-10,619,mastercard,$62.16
510,Romy McKibben,5108751578550590,2027-08,859,mastercard,$36.44
511,Caroljean Butterworth,5108752272342540,2027-03,974,mastercard,$72.18
512,Arline Krolak,5108752021015389,2024-06,861,mastercard,$90.70
513,Dannie Ibell,5048376825210807,2024-10,894,mastercard,$36.41
514,Noland Kolodziej,5048377623708984,2023-08,362,mastercard,$30.43
515,Nick Bygreaves,5108758945890971,2024-07,438,mastercard,$74.48
516,Diena Bahls,5108751723392732,2023-10,801,mastercard,$26.57
517,Josephine Knoles,5048376309368162,2027-08,879,mastercard,$10.31
518,Jobey Hirtz,5108756721565361,2023-04,827,mastercard,$45.69
519,Vinny Frankel,5048378734163036,2024-10,933,mastercard,$57.80
520,Napoleon Weedall,5108750285837399,2023-10,150,mastercard,$83.25
521,Raffarty Hatherall,5108751211424625,2026-02,260,mastercard,$35.52
522,Padget Bonnet,5048373371082904,2024-06,148,mastercard,$43.26
523,Erv Skentelbery,5048378755408179,2027-02,111,mastercard,$87.25
524,Lem Bliben,5108753982815767,2023-06,078,mastercard,$19.80
525,Shem Hartfleet,5108759635862924,2026-03,981,mastercard,$51.97
526,Garret Sommerly,5048371151026604,2027-08,061,mastercard,$57.10
527,Tome Greville,5048376331594223,2026-06,032,mastercard,$74.53
528,Patrica Fenelow,5108758846756081,2024-11,191,mastercard,$70.26
529,Caresse Longforth,5108758931907524,2023-06,079,mastercard,$99.88
530,Temp Antonoyev,5108754651378368,2024-08,051,mastercard,$60.17
531,Aigneis Kyttor,5048371024515957,2025-01,233,mastercard,$19.84
532,Wilhelmina Ravenscraft,5108756561246460,2025-02,290,mastercard,$41.24
533,Renault Stockney,5048378372101801,2025-06,987,mastercard,$91.24
534,Rolfe Ley,5108754860650581,2025-10,713,mastercard,$43.91
535,Vikki Troppmann,5108755726234825,2026-04,317,mastercard,$83.05
536,Max Mongan,5048371735151993,2027-03,814,mastercard,$95.36
537,Shannen Britt,5048378600976149,2026-05,188,mastercard,$66.33
538,Darrelle Lichtfoth,5048373596441117,2025-12,829,mastercard,$91.30
539,Clemmy Barhims,5108750001183581,2025-11,143,mastercard,$74.55
540,Joni Bamber,5048370595600545,2026-06,204,mastercard,$97.34
541,Mason Tow,5108759070568143,2027-09,561,mastercard,$30.94
542,Hilarius Tolcher,5048373024009080,2025-07,806,mastercard,$42.13
543,Virgilio Muffett,5108757883079423,2023-11,789,mastercard,$56.76
544,Stewart Marages,5108755520935320,2023-04,075,mastercard,$77.41
545,Issi Grundle,5048373406476766,2025-04,987,mastercard,$60.98
546,Marleah Londer,5048370580804169,2024-03,007,mastercard,$46.55
547,Maximo Tinson,5048376775727255,2026-12,983,mastercard,$93.21
548,Zeke O'Cosgra,5108751436390916,2024-12,043,mastercard,$18.06
549,Tatum Moyse,5048379347153471,2023-03,999,mastercard,$54.76
550,Brooke Berfoot,5108758524231027,2023-06,961,mastercard,$23.12
551,Herc Stopps,5048374486131156,2025-12,103,mastercard,$54.87
552,Esmaria Izaac,5108759192904622,2026-09,827,mastercard,$59.44
553,Willi Vecard,5048375339848979,2026-06,135,mastercard,$81.11
554,Joaquin Swanston,5108753575962703,2024-12,293,mastercard,$23.92
555,Rene Maplesden,5048374147917217,2023-08,809,mastercard,$44.62
556,Nappy Polye,5108754628313043,2024-07,513,mastercard,$38.96
557,Ulrick Gurney,5108752253742734,2023-08,600,mastercard,$22.57
558,Leighton Kubera,5048377456490379,2025-12,984,mastercard,$77.66
559,Sherrie Levane,5108759357826321,2026-09,205,mastercard,$14.92
560,Ulric Canedo,5048375971471304,2027-12,391,mastercard,$17.81
561,Sorcha Bailey,5108755097298243,2025-05,442,mastercard,$57.52
562,Prince Banat,5048379475545514,2026-09,625,mastercard,$42.75
563,Nanon Lambregts,5108755996747332,2027-05,453,mastercard,$93.37
564,Al Makin,5108755202689732,2025-05,225,mastercard,$37.20
565,Saul Felgate,5108759842637994,2026-03,712,mastercard,$23.70
566,Jereme Balch,5108751615144860,2026-04,186,mastercard,$89.28
567,Delbert Fremantle,5108757430556592,2026-07,851,mastercard,$42.43
568,Morley Del Castello,5048375253607872,2024-06,093,mastercard,$74.87
569,Maximilian Collison,5108756708120875,2024-12,773,mastercard,$78.76
570,Caroljean Labb,5108755035252971,2026-04,663,mastercard,$47.48
571,Dunn Skipper,5048377270460012,2024-04,689,mastercard,$55.04
572,Had Thornber,5048378129366822,2024-06,179,mastercard,$94.10
573,Bax Duncan,5048377392602152,2027-02,128,mastercard,$42.08
574,Sophia Johananov,5108751522625753,2025-01,081,mastercard,$68.48
575,Harcourt Jacobowitz,5048378884066633,2026-04,634,mastercard,$70.77
576,Gualterio Strang,5048377190031554,2027-07,527,mastercard,$79.19
577,Travis Walthew,5048371306311224,2023-07,175,mastercard,$24.40
578,Marylinda McGrale,5048372206618551,2025-11,087,mastercard,$80.33
579,Roch Frackiewicz,5048373646028633,2026-03,742,mastercard,$68.86
580,Lorrin Topper,5048375197564585,2024-06,829,mastercard,$47.92
581,Francois Fosten,5048378975714182,2027-09,183,mastercard,$48.28
582,Ellyn Jancey,5108752896889132,2023-03,966,mastercard,$86.47
583,Alasdair Cooper,5048375477111800,2026-03,987,mastercard,$16.19
584,Orsa Khristoforov,5048371717958373,2024-10,390,mastercard,$75.13
585,Ilsa Shotboulte,5108758742734364,2023-09,117,mastercard,$81.02
586,L;urette Jerosch,5108750894264779,2026-05,641,mastercard,$41.85
587,Dare Revie,5048370408551273,2023-05,460,mastercard,$44.22
588,Vivianne Eddis,5048373909731709,2026-03,074,mastercard,$59.17
589,Booth Vannoort,5048379670259663,2024-05,580,mastercard,$33.71
590,Jerrold Dulling,5108751768614826,2023-05,504,mastercard,$74.48
591,Garrot Hayward,5108753406278899,2023-04,472,mastercard,$81.13
592,Sally Sigward,5108750035800903,2023-08,591,mastercard,$32.42
593,Linus Coneron,5048378637507180,2026-04,535,mastercard,$65.91
594,Dorolisa Jumeau,5108750880797972,2023-11,239,mastercard,$17.73
595,Esmeralda Spencer,5108752085667976,2024-10,955,mastercard,$22.63
596,Kai Tilte,5108758904827733,2026-11,319,mastercard,$50.32
597,Katine Matteoni,5108752615058225,2025-12,914,mastercard,$39.69
598,Leodora Ivan,5048377171294106,2024-03,342,mastercard,$73.43
599,Chan Petroselli,5048378229978179,2027-01,058,mastercard,$93.82
600,Cross Beushaw,5108752966644763,2024-02,163,mastercard,$60.91
601,Willabella Spours,5108755456693331,2026-07,091,mastercard,$63.57
602,Quill Icke,5048370841128218,2025-05,890,mastercard,$62.85
603,Orville Midghall,5108754205863170,2025-03,403,mastercard,$96.78
604,Kenton Gerald,5048377670624498,2027-05,345,mastercard,$26.19
605,Othilia Hartas,5108756256591162,2025-09,170,mastercard,$40.23
606,Lurleen Adger,5048372167083621,2026-07,540,mastercard,$23.18
607,Merralee Pedri,5108756471598299,2023-05,273,mastercard,$22.85
608,Caro Bream,5048373968743124,2027-02,220,mastercard,$99.67
609,Alyosha Soffe,5108754650816293,2023-01,952,mastercard,$56.66
610,Etta Raccio,5048374102697655,2026-03,723,mastercard,$85.00
611,Gisella Lamasna,5048370846455939,2023-05,390,mastercard,$22.85
612,Maynord Winstone,5048377353755742,2026-10,809,mastercard,$56.62
613,Nolly Birk,5048378043615338,2025-07,003,mastercard,$23.46
614,Roseanne Wise,5108750997230537,2024-02,998,mastercard,$94.08
615,Clair McNirlan,5048376763532733,2024-08,279,mastercard,$48.29
616,Alma Busen,5048372445958420,2023-07,758,mastercard,$71.77
617,Fiorenze Sutherden,5108759298236374,2027-03,792,mastercard,$73.87
618,Devy Barford,5048372941252013,2026-07,727,mastercard,$10.43
619,Jammie Turvey,5108752590958282,2026-11,244,mastercard,$57.26
620,Lynn Mourant,5108755680988275,2024-09,296,mastercard,$94.11
621,Claudian Buten,5108750808418172,2024-02,803,mastercard,$36.53
622,Chen Feasby,5108757859982295,2026-07,827,mastercard,$16.19
623,Bev Yesenin,5048370845373067,2024-11,512,mastercard,$86.60
624,Michelle Orrum,5108751779117330,2026-06,531,mastercard,$88.27
625,Renato Lafoy,5048370676681497,2027-02,247,mastercard,$34.67
626,Jonathan Ealam,5048373060235532,2025-04,473,mastercard,$51.12
627,Leann Pitblado,5048370942692617,2027-01,822,mastercard,$79.83
628,Sebastiano Wellwood,5108756377609760,2024-12,091,mastercard,$52.86
629,Brantley Firebrace,5048371874592445,2023-03,801,mastercard,$62.81
630,Lynette Crabtree,5108752193465263,2027-05,979,mastercard,$31.16
631,Elsa Aronowitz,5048375395986556,2026-02,643,mastercard,$90.08
632,Gordie Biskup,5048375274436020,2026-07,387,mastercard,$34.02
633,Mahalia Hurne,5048376826535871,2024-01,783,mastercard,$68.63
634,Odell Oxshott,5108759178623766,2023-06,016,mastercard,$29.47
635,Caresa Dignon,5048370617323514,2027-07,012,mastercard,$53.79
636,Joellen Guite,5048374411923412,2026-12,365,mastercard,$11.58
637,Natale Jordeson,5108758907398658,2023-07,709,mastercard,$15.21
638,Ravid Bothams,5108753357036205,2026-02,910,mastercard,$75.67
639,Gerry Vigne,5048375835834911,2023-06,945,mastercard,$69.21
640,Marianna Kermitt,5108759629959660,2026-06,751,mastercard,$10.86
641,Estevan Goff,5048377375968760,2023-09,639,mastercard,$48.25
642,Juliann Lismore,5048370480336833,2024-01,202,mastercard,$18.56
643,Quint Lemm,5108759642507694,2025-08,067,mastercard,$78.76
644,Nerty Haycraft,5108756360967613,2026-06,061,mastercard,$68.45
645,Chickie Corkan,5048375464276541,2024-03,033,mastercard,$94.95
646,Sabine Garnam,5048371922252083,2025-04,148,mastercard,$44.71
647,Christel Sirman,5048375784103813,2027-05,925,mastercard,$17.60
648,Conway Garnsworthy,5108759701834948,2024-07,201,mastercard,$52.31
649,Lowrance Bramelt,5108754002686790,2026-11,353,mastercard,$93.33
650,Abagael Pedroni,5048374173555352,2023-11,890,mastercard,$16.83
651,Karel Slight,5048373956517290,2025-02,534,mastercard,$91.87
652,Brittaney Wickes,5048378270252086,2027-07,255,mastercard,$70.76
653,Adelbert McGonigal,5108751460313214,2026-10,845,mastercard,$70.08
654,Jada Limerick,5108754756073922,2024-12,191,mastercard,$92.05
655,Faunie Deetlefs,5108752236808750,2026-11,733,mastercard,$78.48
656,Danette Freckelton,5048375020507389,2027-06,002,mastercard,$27.15
657,Teddie Hullins,5108759677898794,2023-08,878,mastercard,$52.97
658,Perri Meckiff,5048378374332594,2024-10,712,mastercard,$39.70
659,Cammi Murtimer,5108755333119716,2024-10,116,mastercard,$96.53
660,Happy Bramham,5048373656520271,2025-07,229,mastercard,$94.48
661,Brand Casarili,5048371747980371,2027-09,503,mastercard,$35.31
662,Bellina Tringham,5048379861271915,2027-01,426,mastercard,$63.07
663,Silvie Lerner,5108752900691185,2026-02,159,mastercard,$51.49
664,Wini Pooke,5048371562219061,2025-08,870,mastercard,$12.31
665,Huey Dumbarton,5108755403756959,2027-07,681,mastercard,$53.75
666,Addia Enderlein,5048371423695574,2027-10,296,mastercard,$32.92
667,Aurlie Hardwell,5048372829050448,2026-10,740,mastercard,$90.12
668,Donielle Forbear,5048379541596509,2027-07,071,mastercard,$42.37
669,Baxie Carrodus,5108758461230388,2025-12,876,mastercard,$38.65
670,Lynea Rubinowitsch,5108758410928652,2026-12,326,mastercard,$38.50
671,Ax Hollyard,5048372995870629,2023-06,191,mastercard,$52.25
672,Susan Cleminson,5048373567456409,2024-09,825,mastercard,$18.94
673,Herminia Amaya,5108758448134711,2025-05,434,mastercard,$24.17
674,Helaine Wadeson,5048375473530490,2025-03,540,mastercard,$21.28
675,Lilly Blackmoor,5108750797225091,2024-03,958,mastercard,$11.04
676,Samantha Thomas,5108756641231037,2025-01,551,mastercard,$41.20
677,Lester Szwandt,5108751472341484,2024-05,047,mastercard,$58.47
678,Janenna Billison,5108753261384196,2027-03,682,mastercard,$11.31
679,Chancey Pull,5108750434826053,2026-01,559,mastercard,$22.30
680,Finley Ashley,5048378155112447,2027-04,271,mastercard,$40.37
681,Leslie Zolini,5108755011818357,2023-04,158,mastercard,$20.27
682,Sanford Leyton,5048371440636437,2026-03,867,mastercard,$82.93
683,Zollie Chadwyck,5048370730908233,2023-01,077,mastercard,$49.05
684,Carine Doree,5108750154015945,2025-08,788,mastercard,$30.82
685,Dorian Sparkwell,5048375940517112,2027-05,582,mastercard,$64.73
686,Aurilia Stubbs,5048370568359509,2024-09,653,mastercard,$53.05
687,Clerc McQuade,5108754281125015,2023-02,132,mastercard,$55.44
688,Judy Ovitz,5108752848160210,2024-06,669,mastercard,$25.46
689,Milka Liebmann,5108757710154423,2023-04,284,mastercard,$88.51
690,Nicko Klich,5048371729541514,2027-09,655,mastercard,$74.06
691,Erika Trustrie,5108756266194080,2024-11,236,mastercard,$39.30
692,Kelsy Hellwing,5048375253286552,2025-10,803,mastercard,$41.72
693,Hadlee Boyse,5048371243839303,2027-08,678,mastercard,$84.73
694,Harriett Syversen,5048377353850162,2027-09,102,mastercard,$44.93
695,Giffie Benting,5108756307771706,2025-07,636,mastercard,$89.98
696,Cristi MacNucator,5108750007150394,2026-09,442,mastercard,$46.19
697,Jerri Vermer,5108757330224754,2024-04,250,mastercard,$60.39
698,Phaidra Perone,5108757130289817,2027-06,545,mastercard,$33.56
699,Benoit Praill,5048373554740013,2027-09,635,mastercard,$43.95
700,Crawford Firpo,5048371681832620,2024-04,480,mastercard,$72.08
701,Chandler Blackwell,5048372981076132,2027-02,659,mastercard,$76.65
702,Ann-marie Stuchberry,5108753338441011,2024-01,152,mastercard,$55.95
703,Rab Faunt,5108752221976737,2025-02,791,mastercard,$37.59
704,Catlee Dandison,5048370626143150,2023-10,701,mastercard,$68.64
705,Kamillah Harnell,5048372985058433,2023-01,573,mastercard,$53.62
706,Leeland Brecknall,5048373916278694,2023-09,764,mastercard,$55.40
707,Devora Soppitt,5048372554371746,2025-10,533,mastercard,$87.21
708,Corbett Pickervance,5048372342690399,2026-05,464,mastercard,$37.52
709,Oona Vine,5108756447868560,2025-05,263,mastercard,$96.57
710,Ailene Debenham,5048375941206749,2024-04,894,mastercard,$11.86
711,Axe Fache,5048376855089527,2024-06,924,mastercard,$57.84
712,Sauveur Gauthorpp,5048374578888176,2027-11,444,mastercard,$38.35
713,Dwayne Mellenby,5108757805811903,2024-06,149,mastercard,$61.17
714,Nikkie Beane,5108751001232667,2026-02,758,mastercard,$36.07
715,Kev Rentelll,5108758839545467,2024-10,308,mastercard,$61.92
716,Maura Urlin,5108756363727238,2027-10,344,mastercard,$48.49
717,Franni Kelner,5108756167413407,2025-12,632,mastercard,$30.58
718,Delaney Fance,5048373012426296,2027-02,338,mastercard,$53.03
719,Maxim Danett,5108756174380771,2024-08,854,mastercard,$91.09
720,Sharron Rollin,5108751005598253,2026-01,580,mastercard,$79.04
721,Yance Van Daalen,5108757258965743,2024-11,595,mastercard,$42.90
722,Nonie Ellerington,5108755731227103,2026-09,409,mastercard,$42.99
723,Christoper Azemar,5108759996847191,2026-09,919,mastercard,$87.20
724,Ralf Henken,5108758796903964,2025-03,451,mastercard,$71.07
725,Reuben Cheverton,5108759323120650,2024-06,775,mastercard,$15.40
726,Missie Darte,5048370684347032,2023-12,632,mastercard,$26.43
727,Angelo Guidotti,5048378411548848,2026-12,184,mastercard,$52.71
728,Maurizio Wade,5108754764246569,2025-02,608,mastercard,$98.56
729,Elyssa Sconce,5108756296124644,2023-11,748,mastercard,$15.96
730,Bianka Jimmes,5108750382859262,2027-01,780,mastercard,$57.32
731,Sawyere Gueste,5108757063408921,2026-12,104,mastercard,$56.85
732,Chad Pawelec,5048371579412113,2025-01,025,mastercard,$58.78
733,Duffy Durrell,5108758109399348,2024-09,934,mastercard,$22.66
734,John Albertson,5108752262168400,2025-12,739,mastercard,$18.46
735,Dulcy Ayerst,5108750166833608,2027-01,713,mastercard,$10.45
736,Sasha Pettingall,5048374082890536,2023-02,300,mastercard,$74.35
737,Den Raithby,5108753464903529,2026-05,273,mastercard,$86.63
738,Berte Gloves,5048373232479901,2025-02,503,mastercard,$17.51
739,Jaime Heffernan,5108756233898813,2025-10,471,mastercard,$32.91
740,Bendix Mullan,5048375557425344,2025-04,745,mastercard,$67.29
741,Orsola Glanester,5108759201395234,2025-04,229,mastercard,$56.47
742,Lucky Fincham,5048378092091092,2025-03,491,mastercard,$48.08
743,Quintus Ciobutaru,5048379447760563,2026-06,486,mastercard,$59.03
744,Kerry Hansen,5048377607765695,2026-05,123,mastercard,$67.83
745,Almeta Jewsbury,5108751076024411,2026-04,701,mastercard,$46.82
746,Kahaleel Heynel,5048376905798705,2026-02,564,mastercard,$44.85
747,Caroline Fratson,5108751035634177,2024-03,326,mastercard,$77.82
748,Sue Ferry,5048374887230565,2024-04,061,mastercard,$80.60
749,Maighdiln Huccaby,5048375904531414,2023-11,691,mastercard,$67.14
750,Dew Cowton,5048375799837694,2024-03,888,mastercard,$92.91
751,Tyson Etridge,5108752997115932,2026-07,819,mastercard,$56.13
752,Gayleen Gerge,5108754074202062,2023-11,421,mastercard,$36.35
753,Lukas Diloway,5048372434754004,2023-04,961,mastercard,$92.94
754,Buffy Gotthard.sf,5108754313610554,2027-09,552,mastercard,$46.85
755,Marlee Poplee,5108755988822572,2024-03,676,mastercard,$64.28
756,Vale Colebrook,5048373534070374,2026-02,311,mastercard,$26.17
757,Thane Chitty,5048370116403106,2026-12,393,mastercard,$22.53
758,Bronny Elliott,5108755552164534,2025-01,165,mastercard,$60.48
759,Heloise Plumptre,5048372068113816,2025-02,642,mastercard,$26.88
760,Merl Manicom,5108753619767787,2025-07,937,mastercard,$88.44
761,Ivonne Tanner,5048377501293877,2026-06,441,mastercard,$75.32
762,Ive Dolden,5108755699438593,2025-01,897,mastercard,$58.04
763,Charmane Holdforth,5108756561843514,2023-02,544,mastercard,$19.04
764,Emilio McKinnon,5048378625495281,2027-03,230,mastercard,$33.45
765,Simmonds Gives,5048372034532313,2024-04,610,mastercard,$74.36
766,Brit Hattam,5048373676415155,2024-12,468,mastercard,$65.21
767,Heidi Bydaway,5108759028658970,2023-01,209,mastercard,$55.27
768,Hunfredo Albrighton,5048376405749919,2023-11,582,mastercard,$44.50
769,Noell Tripp,5048372670247614,2025-05,171,mastercard,$16.03
770,Dina Daouze,5048373275411274,2025-11,908,mastercard,$30.96
771,Nealon Dolligon,5048371774833915,2025-01,625,mastercard,$41.81
772,Paolina Howse,5108757782464767,2025-03,807,mastercard,$60.13
773,Fin Wiley,5108752439008539,2025-06,272,mastercard,$93.95
774,Meghann Forder,5048375583773295,2023-04,483,mastercard,$67.71
775,Rhoda Daveley,5048374072739990,2023-07,357,mastercard,$85.98
776,Terrence Felstead,5048372918046307,2024-09,981,mastercard,$95.76
777,Edythe Babalola,5108758611220107,2024-08,423,mastercard,$31.30
778,Spenser Tysack,5108756697176953,2025-09,636,mastercard,$94.49
779,Melly Rabbitt,5048374426091577,2024-11,615,mastercard,$52.56
780,Claire Petroulis,5048373007595394,2023-11,412,mastercard,$23.74
781,Osbert Enrico,5048377526945683,2024-01,314,mastercard,$49.89
782,Stacie Bittlestone,5048376559893562,2023-09,811,mastercard,$63.89
783,Phebe Hearthfield,5048372878833470,2023-03,835,mastercard,$56.49
784,Mora Schapiro,5108756466951859,2026-05,266,mastercard,$83.68
785,Oren Scrowston,5048373901349906,2027-01,317,mastercard,$86.86
786,Deerdre Willman,5108759639861187,2024-08,083,mastercard,$98.72
787,Denney Geraldo,5048374894742776,2026-10,338,mastercard,$77.03
788,Hortense Castan,5108759656277002,2023-05,220,mastercard,$70.71
789,Cele Bernardoux,5108755653288786,2023-07,065,mastercard,$79.11
790,Loni Moffat,5048374004065209,2027-02,210,mastercard,$69.06
791,Creighton Baskeyfield,5108753901940415,2026-09,483,mastercard,$86.51
792,Brittni Titchard,5048377408702541,2024-08,509,mastercard,$47.13
793,Tania Franke,5108750650630924,2023-03,689,mastercard,$86.11
794,Rosco Lias,5048377415011944,2024-02,156,mastercard,$63.24
795,Forrest Abbys,5048370879152171,2027-11,835,mastercard,$38.42
796,Kati Jannasch,5108757393906099,2026-03,954,mastercard,$81.23
797,Farly Breckin,5048379509334760,2026-08,082,mastercard,$83.94
798,Dorthea Forrestor,5048371438751388,2027-04,295,mastercard,$42.95
799,Onida Coan,5048378528809695,2025-09,925,mastercard,$28.69
800,Homerus Heugh,5108755847111621,2024-08,720,mastercard,$85.60
801,Jinny Darleston,5108758574629310,2023-01,705,mastercard,$74.43
802,Kenna Van T'Hoog,5048377067965421,2025-06,191,mastercard,$42.13
803,Ruddie Blackboro,5108758158325798,2023-09,195,mastercard,$77.88
804,Adolphus McLagan,5048376462902856,2024-02,119,mastercard,$91.28
805,Torrie Halward,5108758897085711,2024-05,984,mastercard,$58.29
806,Agnesse Selway,5108756688156345,2026-08,663,mastercard,$39.66
807,Westleigh Downie,5048374460774336,2024-11,522,mastercard,$79.54
808,Aretha Eidelman,5048375278762298,2025-07,224,mastercard,$55.40
809,Lorelei Lilliman,5108752799391517,2025-02,052,mastercard,$69.06
810,Larisa Wanell,5048370057225161,2025-05,482,mastercard,$94.21
811,Sayers Punchard,5108759066616773,2025-01,658,mastercard,$92.99
812,Nathalie Adcocks,5108754749061570,2023-12,985,mastercard,$63.35
813,Alexi Barracks,5108757408574858,2027-02,596,mastercard,$64.33
814,Muhammad Ramelet,5048370523914802,2027-01,471,mastercard,$22.30
815,Darya Cuchey,5108751051658084,2027-06,011,mastercard,$11.46
816,Salli Zuenelli,5048371384180251,2026-02,140,mastercard,$63.98
817,Neall Monelle,5048371203994130,2025-08,435,mastercard,$29.31
818,Niki Mervyn,5048376155763730,2023-02,375,mastercard,$40.37
819,Carolina Rowdell,5108751138264906,2026-03,882,mastercard,$58.46
820,Joletta Demcik,5108753485888196,2026-03,055,mastercard,$80.11
821,Sylvester Dingwall,5108756968039120,2026-07,366,mastercard,$29.75
822,Michel Lambersen,5048377537382892,2023-03,554,mastercard,$98.12
823,Cooper Hamblett,5048371396435289,2025-05,014,mastercard,$34.26
824,Codee Domel,5048379723341773,2024-06,931,mastercard,$77.92
825,Homere Taft,5108759875875008,2024-09,171,mastercard,$92.31
826,Ardyce Slorach,5048375040902750,2025-01,293,mastercard,$11.03
827,Merry Kivlehan,5108751227095666,2023-11,986,mastercard,$87.51
828,Gabriella Bushill,5108756536599209,2024-05,552,mastercard,$13.36
829,Laurel Geill,5048377020214792,2025-10,463,mastercard,$89.52
830,Elladine Fried,5108759958619992,2025-07,560,mastercard,$66.62
831,Millie Sainter,5108756619619296,2026-05,564,mastercard,$53.76
832,Annabella Tinsley,5108758101766999,2024-02,450,mastercard,$65.50
833,Hailee Joplin,5108758541578764,2026-05,116,mastercard,$100.00
834,Beatrice Grumbridge,5048373298137880,2027-07,985,mastercard,$30.54
835,Germana Gosz,5108752764391807,2023-04,633,mastercard,$70.20
836,Jeane Cornall,5108753525340463,2026-11,594,mastercard,$62.46
837,Kerrill Schubuser,5048378947787092,2023-11,519,mastercard,$99.65
838,Godwin Denizet,5048376517139397,2025-08,978,mastercard,$36.17
839,Torrence Paule,5108754450896917,2027-02,980,mastercard,$91.41
840,Randy Kinzett,5108757612181649,2027-04,164,mastercard,$89.36
841,Rodolfo Bow,5108754266041831,2026-12,475,mastercard,$76.91
842,Iris Gayne,5048375621637312,2023-09,451,mastercard,$92.81
843,Gwenette Spratley,5048379373966150,2027-09,211,mastercard,$63.37
844,Ferdie Stuehmeier,5108758741966819,2024-10,846,mastercard,$92.21
845,Fransisco Scase,5048373361846680,2026-08,400,mastercard,$78.29
846,Benn Haliburton,5048371647151032,2023-05,727,mastercard,$23.15
847,Violante Exeter,5108757774991587,2025-09,456,mastercard,$74.48
848,Trudy Ronci,5048371750040014,2027-02,904,mastercard,$97.31
849,Ferris Faithorn,5108756365427134,2026-01,177,mastercard,$89.30
850,Cristobal Pawling,5048373092539448,2024-03,738,mastercard,$23.64
851,Kinnie Jess,5048371804533964,2024-03,486,mastercard,$21.55
852,Shoshana Powlett,5048374923332037,2025-08,270,mastercard,$12.03
853,Ninnette Bourhill,5048374426528156,2026-03,727,mastercard,$52.49
854,Ruthe Blacklidge,5048378420081211,2025-09,684,mastercard,$13.68
855,Timothea Grafton-Herbert,5108751582955199,2027-02,746,mastercard,$96.78
856,Marget Bemment,5108756533587835,2023-06,606,mastercard,$44.35
857,Dudley Gagen,5108753371535174,2026-10,160,mastercard,$82.96
858,Emelia Barniss,5048371826746966,2024-03,748,mastercard,$11.75
859,Jo Ragles,5048371244613079,2027-02,813,mastercard,$66.64
860,Dick Lumby,5048372356814505,2023-09,292,mastercard,$49.52
861,Giacopo Nappin,5108758467268325,2026-01,943,mastercard,$82.65
862,Percy Cockarill,5048377865088491,2024-12,305,mastercard,$79.15
863,Berthe Hogsden,5048377385402990,2024-10,234,mastercard,$84.51
864,Ali Fry,5108759333330224,2025-07,314,mastercard,$61.24
865,Aurlie Arcase,5048372585334754,2025-07,958,mastercard,$79.82
866,Rawley Mullineux,5108751472215571,2024-07,004,mastercard,$54.42
867,Durante Bowfin,5048375974732942,2025-12,622,mastercard,$14.76
868,Melanie Kline,5108752511666956,2025-08,917,mastercard,$86.68
869,Carey Ellse,5048375690453633,2024-06,252,mastercard,$39.86
870,Dukey Gridon,5048376829238903,2026-07,471,mastercard,$39.55
871,Clem Baroch,5048378857173499,2027-02,746,mastercard,$61.80
872,Malinda Kowal,5108757937624836,2026-06,513,mastercard,$48.05
873,Sophia Arnke,5108754962424463,2023-06,900,mastercard,$89.21
874,Olivette Calfe,5048377107987328,2024-06,584,mastercard,$76.91
875,Phillipp Meus,5108754175292608,2023-05,718,mastercard,$62.88
876,De Peirce,5048371152213839,2023-07,991,mastercard,$94.77
877,Madeleine Bresnen,5048370757137575,2024-03,279,mastercard,$75.13
878,Flo Abreheart,5108753137300046,2026-12,917,mastercard,$35.55
879,Terese Eyam,5048370315801621,2024-09,121,mastercard,$44.06
880,Iago Rennick,5048378461893888,2026-05,675,mastercard,$40.62
881,Hadlee Valintine,5108750351444146,2027-06,051,mastercard,$60.16
882,Rubie Bilam,5048373084314057,2025-04,193,mastercard,$51.29
883,Anallese Simonnot,5108756608818396,2027-03,939,mastercard,$42.24
884,Edyth Berger,5048370070230776,2027-01,298,mastercard,$43.63
885,Isac Loncaster,5048376776729086,2023-08,540,mastercard,$19.66
886,Bail Richen,5048371130284142,2024-12,161,mastercard,$21.76
887,Kali Domleo,5048371740081235,2025-04,982,mastercard,$95.72
888,Joeann Ensten,5048376321032531,2024-08,879,mastercard,$60.84
889,Jeni Carlozzi,5108758076728040,2024-05,636,mastercard,$88.58
890,Barbra Kemster,5048373489074314,2027-06,467,mastercard,$76.96
891,Lura Shiel,5048376046873904,2027-11,225,mastercard,$41.89
892,Felita How,5048377581884066,2024-07,089,mastercard,$92.00
893,Egbert Felderer,5048376534369100,2027-05,208,mastercard,$80.57
894,Bird Pentelow,5048370177684628,2023-07,041,mastercard,$14.39
895,Dulcinea Chase,5048376909357938,2025-05,974,mastercard,$61.38
896,Gaven Huot,5108757649904344,2023-08,009,mastercard,$19.90
897,Carling Jeckells,5048378364204530,2027-10,923,mastercard,$94.16
898,Babbette Binfield,5108757524415051,2027-02,892,mastercard,$26.89
899,Ronna Olner,5108757587249082,2023-12,903,mastercard,$82.62
900,Adele Fallows,5108755966210345,2024-08,934,mastercard,$64.00
901,Worthington Lumber,5108751953844006,2025-05,885,mastercard,$24.68
902,Nico Davidsohn,5048373208835995,2025-10,470,mastercard,$12.70
903,Arvin Garces,5108755436402738,2026-04,941,mastercard,$97.78
904,Ginger Cherry,5048373639989098,2027-08,004,mastercard,$46.74
905,Godwin Cocker,5108755131118035,2026-09,145,mastercard,$32.27
906,Chrissie Minget,5108753980116630,2023-01,311,mastercard,$76.22
907,Forester MacGow,5048372995096720,2023-04,691,mastercard,$89.11
908,Abigail Lusher,5108750281054239,2027-03,447,mastercard,$37.63
909,Beverie Le Cornu,5048372161221912,2025-06,174,mastercard,$99.15
910,Laurens Espinel,5108755196185374,2023-05,373,mastercard,$28.72
911,Donella Burniston,5108752042829339,2025-03,785,mastercard,$22.48
912,Jemie Wandrack,5048373946226630,2025-12,964,mastercard,$22.43
913,Fern Bourgourd,5108750589007731,2027-06,092,mastercard,$50.72
914,Evania Leimster,5108756273182714,2025-09,005,mastercard,$41.18
915,Portie Skill,5108758173289292,2027-09,159,mastercard,$58.78
916,Launce Giovanardi,5048370020141008,2024-06,772,mastercard,$54.59
917,Cacilie Wivell,5048372159668496,2023-01,582,mastercard,$34.07
918,Mylo Meikle,5108756701325240,2026-01,680,mastercard,$43.22
919,Keelia Fish,5048378719961826,2023-10,397,mastercard,$73.96
920,Hendrik Tailby,5108751678239003,2024-12,047,mastercard,$74.37
921,Jake Adamsky,5108753367738675,2026-02,628,mastercard,$91.75
922,Oralla Rizzello,5048378073161385,2026-04,023,mastercard,$86.79
923,Fallon Farnall,5048379072085534,2027-07,687,mastercard,$64.86
924,Titus Delbergue,5048378435766392,2027-08,388,mastercard,$26.74
925,Christophe Trahar,5108756461881648,2026-01,987,mastercard,$80.39
926,Lesli Caffrey,5048374191027392,2024-09,007,mastercard,$61.74
927,Aaren Swyndley,5108754189091210,2025-08,668,mastercard,$27.49
928,Penn Ellin,5108759014923321,2023-12,008,mastercard,$11.46
929,Mathian Bartelli,5108757654874309,2025-09,912,mastercard,$85.89
930,Jacynth Woolfitt,5108753700712544,2024-03,087,mastercard,$42.45
931,Gram Vinten,5108752165382215,2027-06,922,mastercard,$47.50
932,Malanie Hearsum,5108755652519280,2025-08,127,mastercard,$16.20
933,Eudora Halley,5108753158793764,2026-04,370,mastercard,$96.66
934,Shanta Philippou,5108758946310565,2023-05,529,mastercard,$88.64
935,Karon Keatch,5108758556622374,2026-11,910,mastercard,$68.97
936,Isa Argyle,5048375171608408,2027-07,152,mastercard,$37.10
937,Genni Godsafe,5048374727972046,2024-10,801,mastercard,$21.56
938,Eleonora Oldis,5108758470730352,2025-10,571,mastercard,$63.22
939,Nady Brant,5108757351089284,2025-09,647,mastercard,$16.02
940,Payton Dable,5048376765266793,2027-12,816,mastercard,$28.00
941,Marielle Falk,5108757767622249,2026-06,797,mastercard,$61.72
942,Amelie Barens,5048379432054303,2024-03,552,mastercard,$11.19
943,Donnamarie Lambart,5108754866838529,2026-08,533,mastercard,$89.17
944,Herschel Curryer,5108754815569530,2024-05,815,mastercard,$39.66
945,Nichols Signe,5108756772318538,2026-03,709,mastercard,$36.71
946,Gerick Morrill,5048373973028503,2024-10,216,mastercard,$23.18
947,Brittan O'Moylane,5108750159231869,2027-07,597,mastercard,$81.16
948,Frazier Smiths,5108758423475428,2024-01,094,mastercard,$20.45
949,Talbot Rude,5108751167540432,2026-05,958,mastercard,$19.64
950,Gaston Frusher,5048379748002533,2023-08,491,mastercard,$35.56
951,Sharity Killner,5108754795964800,2025-10,019,mastercard,$41.62
952,Farris Guerreau,5108758797616987,2024-10,609,mastercard,$64.27
953,Liz Snell,5108750017019795,2027-02,346,mastercard,$82.37
954,Megan Gasgarth,5048373562527931,2023-01,941,mastercard,$43.68
955,Justinn Lippiello,5048372585968296,2026-02,720,mastercard,$96.40
956,Rodina Brant,5048377635903003,2027-01,337,mastercard,$33.67
957,Des Pixton,5048378057098124,2023-08,797,mastercard,$63.42
958,Bale Marquez,5048370526876149,2023-03,349,mastercard,$38.98
959,Cherry Attiwill,5048379820170315,2023-02,820,mastercard,$72.76
960,Janet Kneeshaw,5108757061760786,2027-07,275,mastercard,$94.77
961,Merv Bernhart,5048376704562328,2023-09,398,mastercard,$91.03
962,Lenna Giacoppoli,5048375440812971,2027-09,375,mastercard,$87.40
963,Elane Huntall,5108756966297258,2025-11,864,mastercard,$37.87
964,Marline Pembridge,5108751508070990,2027-01,988,mastercard,$13.25
965,Shannah Schoffel,5048377601688380,2027-07,840,mastercard,$66.26
966,Bax Warrick,5048376377047953,2025-12,799,mastercard,$84.64
967,Jelene Gear,5048373113590438,2023-04,762,mastercard,$95.99
968,Tana Gorling,5048379660572760,2027-09,831,mastercard,$97.29
969,Erica Caldwell,5108750111666491,2024-07,015,mastercard,$56.57
970,Florinda Jenik,5108757258057749,2025-03,309,mastercard,$58.88
971,Dorri Gapp,5048372324320791,2027-03,746,mastercard,$68.11
972,Ted Pietrusiak,5048375649559001,2027-05,145,mastercard,$32.24
973,Joana Gosnold,5048375159413490,2027-02,178,mastercard,$31.97
974,Ethelred Wase,5108750661979161,2024-05,459,mastercard,$21.09
975,Hort Greenleaf,5108753998316016,2025-01,891,mastercard,$31.22
976,Merv Havenhand,5048377171007268,2025-01,661,mastercard,$13.82
977,Elbert Crosskell,5048372408044374,2026-11,805,mastercard,$89.95
978,Effie Barnish,5108752619357227,2025-08,211,mastercard,$33.00
979,Briant Service,5048375292490041,2023-03,305,mastercard,$40.94
980,Homerus Goudie,5108752680079403,2026-09,735,mastercard,$54.23
981,Joete Arpin,5108756889711260,2023-11,156,mastercard,$65.25
982,Shayne Mingardi,5048374511591218,2023-02,553,mastercard,$62.91
983,Zechariah Pretswell,5048372957881408,2025-05,479,mastercard,$76.37
984,Leticia Nightingale,5108756877652567,2025-08,791,mastercard,$13.47
985,Eugenius Stowe,5048370891348088,2025-06,720,mastercard,$11.15
986,Cornie Baradel,5108757066061693,2024-07,637,mastercard,$57.12
987,Annabell Ferrige,5048377447198701,2023-08,376,mastercard,$28.39
988,Gabbi Eastcourt,5108755546459255,2024-08,001,mastercard,$31.66
989,Ruddy Sextie,5108755234925443,2024-01,456,mastercard,$58.84
990,Clea Larway,5108751184555470,2027-01,996,mastercard,$19.10
991,Pavel Merington,5108758372350291,2027-03,553,mastercard,$71.37
992,Aguistin Dopson,5048375772340575,2026-01,364,mastercard,$51.09
993,Hazel Heineking,5048370196757538,2023-03,358,mastercard,$51.89
994,Dar Soame,5048375453138363,2026-05,049,mastercard,$38.11
995,Maurizia McKelvey,5108750930362801,2024-11,836,mastercard,$88.11
996,Sisely Couronne,5048377175361943,2027-09,508,mastercard,$75.36
997,Merola McCoole,5108756033068765,2026-03,556,mastercard,$38.22
998,Aurea Zorzini,5048372121269217,2027-05,110,mastercard,$45.26
999,Marne Amps,5048375789777991,2027-03,383,mastercard,$41.37
1000,Bartholomew Nancekivell,5048376392273840,2027-10,359,mastercard,$74.83
